INSERT INTO currency (code, name) VALUES
  ('MGF', 'Монгольские франки'),
  ('JPT', 'Японские тугрики');

INSERT INTO document_type (id, name) VALUES
  (1, 'Договор'),
  (2, 'Документ выполнения');

INSERT INTO partner (id, name) VALUES
  (1, 'ООО "Рога и копыта"'),
  (2, 'ЗАО "Куры лимитед"');

INSERT INTO unit (id, name) VALUES
  (1, 'Рога'),
  (2, 'Копыта'),
  (3, 'Куры'),
  (4, 'Яйца');

INSERT INTO contract (id, document_type_id, seller, sub, currency_code, number, date) VALUES
  (1, 1, 1, 1, 'JPT', 'Договор 1', '01.01.2016'),
  (2, 1, 2, 2, 'MGF', 'Договор 2', '01.05.2016');

INSERT INTO stage (id, contract_id, number, begin_date, end_date, unit_id, sum, count) VALUES
  (1, 1, 'Этап 1', '01.01.2016', '01.02.2016', 1, 100.00, 10),
  (2, 1, 'Этап 2', '01.02.2016', '01.03.2016', 2, 200.00, 20),
  (3, 2, 'Этап 1', '01.05.2016', '01.07.2016', 3, 100.00, 10),
  (4, 2, 'Этап 2', '01.07.2016', '01.08.2016', 4, 200.00, 20);

INSERT INTO act (id, document_type_id, number, currency_code) VALUES
  (1, 2, 'Акт 1', 'JPT'),
  (2, 2, 'Акт 2', 'JPT'),
  (3, 2, 'Акт 3', 'JPT'),
  (4, 2, 'Акт 4', 'JPT'),
  (5, 2, 'Акт 5', 'MGF'),
  (6, 2, 'Акт 6', 'MGF'),
  (7, 2, 'Акт 7', 'MGF'),
  (8, 2, 'Акт 8', 'MGF');

INSERT INTO facture (id, stage_id, act_id, position, date, sum, count) VALUES
  (1, 1, 1, 1, '01.02.2016', 50.00, 5),
  (2, 1, 1, 2, '02.02.2016', 20.00, 2),
  (3, 1, 2, 1, '02.03.2016', 10.00, 1),
  (4, 2, 3, 1, '02.03.2016', 100.00, 10),
  (5, 2, 4, 1, '05.03.2016', 100.00, 10),
  (6, 3, 5, 1, '01.07.2016', 50.00, 5),
  (7, 3, 5, 2, '02.07.2016', 20.00, 2),
  (8, 3, 6, 1, '02.08.2016', 10.00, 1),
  (9, 4, 7, 1, '02.08.2016', 100.00, 10),
  (10, 4, 8, 1, '05.08.2016', 100.00, 10);
